id,expected
0,0.4827621490083267
1,0.3931079329485292
2,0.4837893178710202
3,0.6848124133184558
4,0.7565043575727297
5,0.37515617091076026
6,0.3439609321061252
7,0.2687504615537917
8,0.6785443437519876
9,0.4806218466174652
10,0.6537672627064763
11,0.3574824432158885
12,0.3425006848720987
13,0.4034359236243483
14,0.4369381277919786
15,0.8074819328389518
16,0.5104247361023182
17,0.5229335169566779
18,0.3866154109041291
19,0.47720651687132554
